<?xml version="1.0" encoding="UTF-8"?>
<!DOCTYPE mapper
PUBLIC "-//mybatis.org//DTO Mapper 3.0//EN"
"http://mybatis.org/dtd/mybatis-3-mapper.dtd">

<mapper namespace="exam">
	<select id="list" resultType="exam.model.dto.ExamDTO">
		select * from exam order by no
	</select>
	
	<select id = "view" resultType="exam.model.dto.ExamDTO">
		select *from exam where no = #{no}
	</select>
	
	<insert id="setInsert">
		<selectKey keyProperty="no" resultType="int" order="BEFORE">
				select seq_exam.nextval from dual
		</selectKey>
		insert into exam (no,id,passwd,name,jumin,gender,age) values (#{no},#{id},#{passwd},#{name},#{jumin},#{gender},#{age})
	</insert>
	<update id="setUpdate">
		update exam set  name = #{name} where no = #{no}
	</update>
	
	<delete id="setDelete">
		delete from exam where no = #{no}
	</delete>
	
	<select id="checkPasswd" resultType="int">
		select count(*) from exam where no = #{no} and passwd = #{passwd}
	</select>
</mapper>